weather,datetime
Rain,2017-05-01 06:00:00
Cloudy,2017-05-01 07:00:00
Rain Showers,2017-05-01 08:00:00
Rain,2017-05-01 09:00:00
Rain,2017-05-01 10:00:00
Rain,2017-05-01 11:00:00
Rain,2017-05-01 12:00:00
Mostly Cloudy,2017-05-01 13:00:00
Rain Showers,2017-05-01 14:00:00
Mostly Cloudy,2017-05-01 16:00:00
Mostly Cloudy,2017-05-01 19:00:00
Rain,2017-05-03 07:00:00
Rain,2017-05-03 09:00:00
Rain,2017-05-03 10:00:00
Rain,2017-05-03 11:00:00
"Rain,Fog",2017-05-03 12:00:00
"Rain,Fog",2017-05-03 13:00:00
Rain,2017-05-03 14:00:00
Rain,2017-05-03 15:00:00
Rain,2017-05-03 16:00:00
Rain Showers,2017-05-03 17:00:00
Cloudy,2017-05-03 19:00:00
Mainly Clear,2017-05-04 07:00:00
Mainly Clear,2017-05-04 10:00:00
Mainly Clear,2017-05-04 13:00:00
Mostly Cloudy,2017-05-04 16:00:00
Rain,2017-05-04 19:00:00
Cloudy,2017-05-05 07:00:00
Rain Showers,2017-05-05 08:00:00
Cloudy,2017-05-05 10:00:00
Mostly Cloudy,2017-05-05 13:00:00
Mostly Cloudy,2017-05-05 16:00:00
Mostly Cloudy,2017-05-05 19:00:00
Mostly Cloudy,2017-05-06 07:00:00
Mainly Clear,2017-05-06 10:00:00
Mainly Clear,2017-05-06 13:00:00
Mainly Clear,2017-05-06 16:00:00
Clear,2017-05-06 19:00:00
Mainly Clear,2017-05-07 07:00:00
Mainly Clear,2017-05-07 13:00:00
Mostly Cloudy,2017-05-07 16:00:00
Mostly Cloudy,2017-05-07 19:00:00
Cloudy,2017-05-08 07:00:00
Cloudy,2017-05-08 10:00:00
Cloudy,2017-05-08 13:00:00
Mostly Cloudy,2017-05-08 16:00:00
Mostly Cloudy,2017-05-08 19:00:00
Mainly Clear,2017-05-09 07:00:00
Cloudy,2017-05-09 10:00:00
Cloudy,2017-05-09 13:00:00
Cloudy,2017-05-09 16:00:00
Cloudy,2017-05-09 19:00:00
Cloudy,2017-05-10 07:00:00
Cloudy,2017-05-10 10:00:00
Cloudy,2017-05-10 13:00:00
Cloudy,2017-05-10 16:00:00
Rain,2017-05-10 17:00:00
Cloudy,2017-05-10 19:00:00
Rain,2017-05-11 06:00:00
Rain,2017-05-11 07:00:00
Rain,2017-05-11 08:00:00
Rain,2017-05-11 09:00:00
Rain,2017-05-11 10:00:00
Rain,2017-05-11 12:00:00
Rain,2017-05-11 13:00:00
Rain,2017-05-11 14:00:00
Mostly Cloudy,2017-05-11 16:00:00
Rain,2017-05-11 19:00:00
Rain,2017-05-11 20:00:00
Rain Showers,2017-05-12 06:00:00
Rain Showers,2017-05-12 07:00:00
Mostly Cloudy,2017-05-12 10:00:00
Mostly Cloudy,2017-05-12 13:00:00
Mostly Cloudy,2017-05-12 16:00:00
Mostly Cloudy,2017-05-12 19:00:00
Mostly Cloudy,2017-05-13 07:00:00
Rain Showers,2017-05-13 09:00:00
Mostly Cloudy,2017-05-13 10:00:00
Mostly Cloudy,2017-05-13 13:00:00
Mostly Cloudy,2017-05-13 16:00:00
Cloudy,2017-05-13 19:00:00
Cloudy,2017-05-14 07:00:00
Cloudy,2017-05-14 10:00:00
Mostly Cloudy,2017-05-14 13:00:00
Mostly Cloudy,2017-05-14 16:00:00
Mainly Clear,2017-05-14 19:00:00
Rain,2017-05-15 07:00:00
Rain,2017-05-15 09:00:00
Rain,2017-05-15 10:00:00
Rain,2017-05-15 11:00:00
Rain,2017-05-15 12:00:00
Rain,2017-05-15 13:00:00
Rain,2017-05-15 14:00:00
Rain,2017-05-15 15:00:00
Rain,2017-05-15 16:00:00
"Rain,Fog",2017-05-15 17:00:00
"Rain,Fog",2017-05-15 18:00:00
"Rain,Fog",2017-05-15 19:00:00
"Rain,Fog",2017-05-15 20:00:00
Cloudy,2017-05-16 07:00:00
Cloudy,2017-05-16 10:00:00
Mostly Cloudy,2017-05-16 13:00:00
Mostly Cloudy,2017-05-16 16:00:00
Mostly Cloudy,2017-05-16 19:00:00
Cloudy,2017-05-17 07:00:00
Cloudy,2017-05-17 10:00:00
Cloudy,2017-05-17 13:00:00
Cloudy,2017-05-17 16:00:00
Cloudy,2017-05-17 19:00:00
Cloudy,2017-05-18 07:00:00
Cloudy,2017-05-18 10:00:00
Cloudy,2017-05-18 13:00:00
Cloudy,2017-05-18 16:00:00
Mainly Clear,2017-05-18 19:00:00
Cloudy,2017-05-19 07:00:00
Cloudy,2017-05-19 10:00:00
Cloudy,2017-05-19 13:00:00
Cloudy,2017-05-19 16:00:00
Mostly Cloudy,2017-05-19 19:00:00
Mainly Clear,2017-05-20 07:00:00
Mainly Clear,2017-05-20 10:00:00
Clear,2017-05-20 13:00:00
Clear,2017-05-20 16:00:00
Mainly Clear,2017-05-20 19:00:00
Mostly Cloudy,2017-05-21 07:00:00
Cloudy,2017-05-21 10:00:00
Cloudy,2017-05-21 13:00:00
Cloudy,2017-05-21 16:00:00
Mainly Clear,2017-05-21 19:00:00
Cloudy,2017-05-22 07:00:00
Mostly Cloudy,2017-05-22 10:00:00
Mainly Clear,2017-05-22 13:00:00
Mainly Clear,2017-05-22 16:00:00
Mainly Clear,2017-05-22 19:00:00
Clear,2017-05-23 07:00:00
Clear,2017-05-23 10:00:00
Clear,2017-05-23 13:00:00
Mainly Clear,2017-05-23 16:00:00
Mainly Clear,2017-05-23 19:00:00
Mainly Clear,2017-05-24 07:00:00
Mostly Cloudy,2017-05-24 10:00:00
Mainly Clear,2017-05-24 13:00:00
Mainly Clear,2017-05-24 16:00:00
Mainly Clear,2017-05-24 19:00:00
Mostly Cloudy,2017-05-25 07:00:00
Clear,2017-05-25 10:00:00
Clear,2017-05-25 13:00:00
Clear,2017-05-25 16:00:00
Clear,2017-05-25 19:00:00
Clear,2017-05-26 07:00:00
Clear,2017-05-26 10:00:00
Clear,2017-05-26 13:00:00
Mainly Clear,2017-05-26 16:00:00
Mainly Clear,2017-05-26 19:00:00
Mainly Clear,2017-05-27 07:00:00
Mainly Clear,2017-05-27 10:00:00
Mainly Clear,2017-05-27 13:00:00
Mainly Clear,2017-05-27 16:00:00
Clear,2017-05-27 19:00:00
Clear,2017-05-28 07:00:00
Mainly Clear,2017-05-28 10:00:00
Mainly Clear,2017-05-28 13:00:00
Mainly Clear,2017-05-28 16:00:00
Mainly Clear,2017-05-28 19:00:00
Mainly Clear,2017-05-29 07:00:00
Mainly Clear,2017-05-29 10:00:00
Mainly Clear,2017-05-29 13:00:00
Mostly Cloudy,2017-05-29 16:00:00
Mostly Cloudy,2017-05-29 19:00:00
Rain Showers,2017-05-30 07:00:00
Rain Showers,2017-05-30 08:00:00
Rain Showers,2017-05-30 09:00:00
Rain Showers,2017-05-30 10:00:00
Rain Showers,2017-05-30 11:00:00
Rain Showers,2017-05-30 13:00:00
Rain Showers,2017-05-30 14:00:00
Rain Showers,2017-05-30 15:00:00
Rain Showers,2017-05-30 16:00:00
Cloudy,2017-05-30 19:00:00
Mostly Cloudy,2017-05-31 07:00:00
Cloudy,2017-05-31 10:00:00
Mostly Cloudy,2017-05-31 13:00:00
Rain,2017-05-31 15:00:00
Cloudy,2017-05-31 16:00:00
Rain,2017-05-31 17:00:00
Rain,2017-05-31 18:00:00
Rain Showers,2017-05-31 19:00:00
Rain Showers,2017-05-31 20:00:00
Rain Showers,2017-05-31 21:00:00
Mostly Cloudy,2016-09-01 07:00:00
Rain,2016-09-01 10:00:00
Cloudy,2016-09-01 13:00:00
Rain Showers,2016-09-01 15:00:00
Rain,2016-09-01 16:00:00
Rain,2016-09-01 17:00:00
Rain,2016-09-01 18:00:00
Rain,2016-09-01 19:00:00
Rain,2016-09-01 20:00:00
Rain Showers,2016-09-02 06:00:00
Cloudy,2016-09-02 07:00:00
Rain Showers,2016-09-02 09:00:00
Cloudy,2016-09-02 10:00:00
Mostly Cloudy,2016-09-02 13:00:00
Mostly Cloudy,2016-09-02 16:00:00
Mostly Cloudy,2016-09-02 19:00:00
Rain Showers,2016-09-03 07:00:00
Mostly Cloudy,2016-09-03 10:00:00
Mostly Cloudy,2016-09-03 13:00:00
Mainly Clear,2016-09-03 16:00:00
Mainly Clear,2016-09-03 19:00:00
Mostly Cloudy,2016-09-04 07:00:00
Mostly Cloudy,2016-09-04 10:00:00
Mainly Clear,2016-09-04 13:00:00
Mainly Clear,2016-09-04 16:00:00
Mainly Clear,2016-09-04 19:00:00
Mostly Cloudy,2016-09-05 07:00:00
Cloudy,2016-09-05 10:00:00
Cloudy,2016-09-05 13:00:00
Rain Showers,2016-09-05 15:00:00
Cloudy,2016-09-05 16:00:00
Cloudy,2016-09-05 19:00:00
Rain Showers,2016-09-05 20:00:00
Cloudy,2016-09-06 07:00:00
Cloudy,2016-09-06 10:00:00
Mainly Clear,2016-09-06 13:00:00
Mainly Clear,2016-09-06 16:00:00
Mostly Cloudy,2016-09-06 19:00:00
Cloudy,2016-09-07 07:00:00
Cloudy,2016-09-07 10:00:00
Rain,2016-09-07 13:00:00
Rain,2016-09-07 14:00:00
Rain,2016-09-07 15:00:00
Cloudy,2016-09-07 16:00:00
Rain,2016-09-07 17:00:00
Cloudy,2016-09-07 19:00:00
Mainly Clear,2016-09-08 07:00:00
Mostly Cloudy,2016-09-08 10:00:00
Mainly Clear,2016-09-08 13:00:00
Mainly Clear,2016-09-08 16:00:00
Mainly Clear,2016-09-08 19:00:00
Mostly Cloudy,2016-09-09 07:00:00
Mostly Cloudy,2016-09-09 10:00:00
Mostly Cloudy,2016-09-09 13:00:00
Mostly Cloudy,2016-09-09 16:00:00
Mainly Clear,2016-09-09 19:00:00
Mostly Cloudy,2016-09-10 07:00:00
Mainly Clear,2016-09-10 10:00:00
Mostly Cloudy,2016-09-10 13:00:00
Mostly Cloudy,2016-09-10 16:00:00
Mostly Cloudy,2016-09-10 19:00:00
Mainly Clear,2016-09-11 07:00:00
Mainly Clear,2016-09-11 10:00:00
Mainly Clear,2016-09-11 13:00:00
Clear,2016-09-11 16:00:00
Mainly Clear,2016-09-11 19:00:00
Clear,2016-09-12 07:00:00
Clear,2016-09-12 10:00:00
Clear,2016-09-12 13:00:00
Clear,2016-09-12 16:00:00
Mainly Clear,2016-09-12 19:00:00
Mainly Clear,2016-09-13 07:00:00
Clear,2016-09-13 10:00:00
Clear,2016-09-13 13:00:00
Clear,2016-09-13 16:00:00
Clear,2016-09-13 19:00:00
Mainly Clear,2016-09-14 07:00:00
Mainly Clear,2016-09-14 10:00:00
Mainly Clear,2016-09-14 13:00:00
Mainly Clear,2016-09-14 16:00:00
Mostly Cloudy,2016-09-14 19:00:00
Clear,2016-09-15 07:00:00
Mainly Clear,2016-09-15 10:00:00
Mainly Clear,2016-09-15 13:00:00
Mainly Clear,2016-09-15 16:00:00
Mainly Clear,2016-09-15 19:00:00
Mostly Cloudy,2016-09-16 07:00:00
Mostly Cloudy,2016-09-16 10:00:00
Cloudy,2016-09-16 13:00:00
Cloudy,2016-09-16 16:00:00
Rain,2016-09-16 19:00:00
"Rain,Fog",2016-09-17 06:00:00
Rain,2016-09-17 07:00:00
Rain,2016-09-17 08:00:00
"Rain,Fog",2016-09-17 09:00:00
Rain,2016-09-17 10:00:00
Rain,2016-09-17 11:00:00
Cloudy,2016-09-17 13:00:00
Mainly Clear,2016-09-17 16:00:00
Mainly Clear,2016-09-17 19:00:00
Mainly Clear,2016-09-18 07:00:00
Mainly Clear,2016-09-18 10:00:00
Mainly Clear,2016-09-18 13:00:00
Mostly Cloudy,2016-09-18 16:00:00
Mostly Cloudy,2016-09-18 19:00:00
Rain Showers,2016-09-19 06:00:00
Rain Showers,2016-09-19 07:00:00
Rain Showers,2016-09-19 09:00:00
Mostly Cloudy,2016-09-19 10:00:00
Mainly Clear,2016-09-19 13:00:00
Rain Showers,2016-09-19 14:00:00
Rain Showers,2016-09-19 15:00:00
Mostly Cloudy,2016-09-19 16:00:00
Mostly Cloudy,2016-09-19 19:00:00
Mostly Cloudy,2016-09-20 07:00:00
Mainly Clear,2016-09-20 10:00:00
Mainly Clear,2016-09-20 13:00:00
Mainly Clear,2016-09-20 16:00:00
Mainly Clear,2016-09-20 19:00:00
Clear,2016-09-21 07:00:00
Clear,2016-09-21 10:00:00
Clear,2016-09-21 13:00:00
Mainly Clear,2016-09-21 16:00:00
Clear,2016-09-21 19:00:00
Clear,2016-09-22 07:00:00
Clear,2016-09-22 10:00:00
Clear,2016-09-22 13:00:00
Clear,2016-09-22 16:00:00
Mainly Clear,2016-09-22 19:00:00
"Rain,Fog",2016-09-23 06:00:00
"Rain,Fog",2016-09-23 07:00:00
Rain,2016-09-23 08:00:00
Rain,2016-09-23 09:00:00
Rain,2016-09-23 10:00:00
Rain,2016-09-23 11:00:00
Rain Showers,2016-09-23 16:00:00
Mostly Cloudy,2016-09-24 07:00:00
Cloudy,2016-09-24 10:00:00
Cloudy,2016-09-24 13:00:00
Cloudy,2016-09-24 16:00:00
Rain,2016-09-24 19:00:00
Cloudy,2016-09-25 07:00:00
Cloudy,2016-09-25 10:00:00
Mostly Cloudy,2016-09-25 13:00:00
Mostly Cloudy,2016-09-25 16:00:00
Mostly Cloudy,2016-09-25 19:00:00
Mostly Cloudy,2016-09-26 07:00:00
Mostly Cloudy,2016-09-26 10:00:00
Mostly Cloudy,2016-09-26 13:00:00
Mostly Cloudy,2016-09-26 16:00:00
Mostly Cloudy,2016-09-26 19:00:00
Mainly Clear,2016-09-27 07:00:00
Mostly Cloudy,2016-09-27 10:00:00
Mainly Clear,2016-09-27 13:00:00
Mostly Cloudy,2016-09-27 16:00:00
Mainly Clear,2016-09-27 19:00:00
Mainly Clear,2016-09-28 07:00:00
Mainly Clear,2016-09-28 10:00:00
Clear,2016-09-28 13:00:00
Mainly Clear,2016-09-28 16:00:00
Clear,2016-09-28 19:00:00
Cloudy,2016-09-29 07:00:00
Mainly Clear,2016-09-29 10:00:00
Mainly Clear,2016-09-29 13:00:00
Cloudy,2016-09-29 16:00:00
Mostly Cloudy,2016-09-29 19:00:00
Cloudy,2016-09-30 07:00:00
Mostly Cloudy,2016-09-30 10:00:00
Mainly Clear,2016-09-30 13:00:00
Mainly Clear,2016-09-30 16:00:00
Mainly Clear,2016-09-30 19:00:00
Rain,2017-04-01 07:00:00
"Rain,Fog",2017-04-01 08:00:00
Cloudy,2017-04-01 10:00:00
Mostly Cloudy,2017-04-01 13:00:00
Mostly Cloudy,2017-04-01 16:00:00
Mostly Cloudy,2017-04-01 19:00:00
Mainly Clear,2017-04-02 07:00:00
Mainly Clear,2017-04-02 10:00:00
Mainly Clear,2017-04-02 13:00:00
Mainly Clear,2017-04-02 16:00:00
Mainly Clear,2017-04-02 19:00:00
Mostly Cloudy,2017-04-03 07:00:00
Mostly Cloudy,2017-04-03 10:00:00
Mostly Cloudy,2017-04-03 13:00:00
Mainly Clear,2017-04-03 16:00:00
Mostly Cloudy,2017-04-03 19:00:00
Cloudy,2017-04-04 07:00:00
Cloudy,2017-04-04 10:00:00
Cloudy,2017-04-04 13:00:00
Rain Showers,2017-04-04 14:00:00
Rain,2017-04-04 15:00:00
Rain,2017-04-04 16:00:00
Rain,2017-04-04 17:00:00
Rain,2017-04-04 18:00:00
Rain,2017-04-04 19:00:00
Rain,2017-04-05 06:00:00
Rain,2017-04-05 07:00:00
Rain,2017-04-05 08:00:00
Rain,2017-04-05 09:00:00
Rain,2017-04-05 10:00:00
Rain,2017-04-05 11:00:00
Rain,2017-04-05 12:00:00
"Rain,Fog",2017-04-05 13:00:00
Rain,2017-04-05 14:00:00
Cloudy,2017-04-05 16:00:00
Cloudy,2017-04-05 19:00:00
Rain,2017-04-06 07:00:00
Rain,2017-04-06 10:00:00
Rain,2017-04-06 11:00:00
Rain,2017-04-06 12:00:00
Rain,2017-04-06 13:00:00
Rain,2017-04-06 14:00:00
Mostly Cloudy,2017-04-06 16:00:00
Mostly Cloudy,2017-04-06 19:00:00
Rain,2017-04-07 06:00:00
Mostly Cloudy,2017-04-07 07:00:00
Rain,2017-04-07 10:00:00
Cloudy,2017-04-07 13:00:00
Cloudy,2017-04-07 16:00:00
Rain,2017-04-07 19:00:00
Rain,2017-04-08 06:00:00
Rain,2017-04-08 07:00:00
Rain,2017-04-08 08:00:00
Rain,2017-04-08 09:00:00
Rain,2017-04-08 10:00:00
Rain,2017-04-08 11:00:00
Rain,2017-04-08 12:00:00
Rain,2017-04-08 13:00:00
Rain,2017-04-08 14:00:00
Rain,2017-04-08 15:00:00
Rain,2017-04-08 16:00:00
Rain,2017-04-08 17:00:00
Cloudy,2017-04-08 19:00:00
Mostly Cloudy,2017-04-09 07:00:00
Mostly Cloudy,2017-04-09 10:00:00
Cloudy,2017-04-09 13:00:00
Cloudy,2017-04-09 16:00:00
Cloudy,2017-04-09 19:00:00
Rain,2017-04-10 06:00:00
Rain,2017-04-10 07:00:00
Rain Showers,2017-04-10 10:00:00
Rain Showers,2017-04-10 11:00:00
Cloudy,2017-04-10 13:00:00
Mostly Cloudy,2017-04-10 16:00:00
Rain Showers,2017-04-10 18:00:00
Rain Showers,2017-04-10 19:00:00
Mainly Clear,2017-04-11 07:00:00
Mainly Clear,2017-04-11 10:00:00
Cloudy,2017-04-11 13:00:00
Cloudy,2017-04-11 16:00:00
Cloudy,2017-04-11 19:00:00
Rain,2017-04-12 06:00:00
Rain,2017-04-12 07:00:00
Rain,2017-04-12 08:00:00
Rain,2017-04-12 09:00:00
Rain,2017-04-12 10:00:00
Rain,2017-04-12 11:00:00
Rain,2017-04-12 12:00:00
Rain,2017-04-12 13:00:00
Cloudy,2017-04-12 16:00:00
Mostly Cloudy,2017-04-12 19:00:00
Cloudy,2017-04-13 07:00:00
Cloudy,2017-04-13 10:00:00
Cloudy,2017-04-13 13:00:00
Rain Showers,2017-04-13 15:00:00
Cloudy,2017-04-13 16:00:00
Cloudy,2017-04-13 19:00:00
Rain,2017-04-14 06:00:00
Cloudy,2017-04-14 07:00:00
Cloudy,2017-04-14 10:00:00
Mostly Cloudy,2017-04-14 13:00:00
Mainly Clear,2017-04-14 16:00:00
Mainly Clear,2017-04-14 19:00:00
Rain Showers,2017-04-15 06:00:00
Rain Showers,2017-04-15 07:00:00
Mostly Cloudy,2017-04-15 10:00:00
Mainly Clear,2017-04-15 13:00:00
Mainly Clear,2017-04-15 16:00:00
Clear,2017-04-15 19:00:00
Mostly Cloudy,2017-04-16 07:00:00
Mostly Cloudy,2017-04-16 10:00:00
Mostly Cloudy,2017-04-16 13:00:00
Mostly Cloudy,2017-04-16 16:00:00
Cloudy,2017-04-16 19:00:00
Rain,2017-04-17 06:00:00
Rain,2017-04-17 07:00:00
Rain,2017-04-17 08:00:00
Mostly Cloudy,2017-04-17 10:00:00
Mostly Cloudy,2017-04-17 13:00:00
Rain,2017-04-17 16:00:00
Rain,2017-04-17 17:00:00
Rain,2017-04-17 18:00:00
Rain,2017-04-17 19:00:00
Rain Showers,2017-04-18 07:00:00
Rain Showers,2017-04-18 08:00:00
Mostly Cloudy,2017-04-18 10:00:00
Rain Showers,2017-04-18 13:00:00
Rain Showers,2017-04-18 16:00:00
Mostly Cloudy,2017-04-18 19:00:00
Cloudy,2017-04-19 07:00:00
Rain,2017-04-19 10:00:00
Rain,2017-04-19 11:00:00
Cloudy,2017-04-19 13:00:00
Mostly Cloudy,2017-04-19 16:00:00
Cloudy,2017-04-19 19:00:00
Cloudy,2017-04-20 07:00:00
Cloudy,2017-04-20 10:00:00
Mostly Cloudy,2017-04-20 13:00:00
Mainly Clear,2017-04-20 16:00:00
Mainly Clear,2017-04-20 19:00:00
Mainly Clear,2017-04-21 07:00:00
Mostly Cloudy,2017-04-21 10:00:00
Clear,2017-04-21 13:00:00
Mainly Clear,2017-04-21 16:00:00
Mainly Clear,2017-04-21 19:00:00
Cloudy,2017-04-22 07:00:00
Cloudy,2017-04-22 10:00:00
Rain,2017-04-22 12:00:00
Rain,2017-04-22 13:00:00
Rain,2017-04-22 16:00:00
Mostly Cloudy,2017-04-22 19:00:00
Cloudy,2017-04-23 07:00:00
Cloudy,2017-04-23 10:00:00
Cloudy,2017-04-23 13:00:00
Rain Showers,2017-04-23 16:00:00
Rain Showers,2017-04-23 17:00:00
Rain Showers,2017-04-23 18:00:00
Rain Showers,2017-04-23 19:00:00
Cloudy,2017-04-24 07:00:00
Rain Showers,2017-04-24 08:00:00
Cloudy,2017-04-24 10:00:00
Mainly Clear,2017-04-24 13:00:00
Mainly Clear,2017-04-24 16:00:00
Mainly Clear,2017-04-24 19:00:00
Cloudy,2017-04-25 07:00:00
Mostly Cloudy,2017-04-25 10:00:00
Cloudy,2017-04-25 13:00:00
Cloudy,2017-04-25 16:00:00
Rain,2017-04-25 19:00:00
Mostly Cloudy,2017-04-26 07:00:00
Mostly Cloudy,2017-04-26 10:00:00
Mainly Clear,2017-04-26 13:00:00
Mostly Cloudy,2017-04-26 16:00:00
Rain Showers,2017-04-26 19:00:00
Mostly Cloudy,2017-04-27 07:00:00
Mostly Cloudy,2017-04-27 10:00:00
Mainly Clear,2017-04-27 13:00:00
Mainly Clear,2017-04-27 16:00:00
Mainly Clear,2017-04-27 19:00:00
Mostly Cloudy,2017-04-28 07:00:00
Mainly Clear,2017-04-28 10:00:00
Mainly Clear,2017-04-28 13:00:00
Mostly Cloudy,2017-04-28 16:00:00
Mainly Clear,2017-04-28 19:00:00
Cloudy,2017-04-29 07:00:00
Cloudy,2017-04-29 10:00:00
Rain,2017-04-29 11:00:00
Rain,2017-04-29 12:00:00
Rain,2017-04-29 13:00:00
Rain,2017-04-29 14:00:00
Rain,2017-04-29 15:00:00
Rain,2017-04-29 16:00:00
Rain,2017-04-29 17:00:00
Rain,2017-04-29 18:00:00
Cloudy,2017-04-29 19:00:00
Mainly Clear,2017-04-30 07:00:00
Mainly Clear,2017-04-30 10:00:00
Mainly Clear,2017-04-30 13:00:00
Mainly Clear,2017-04-30 16:00:00
Mainly Clear,2017-04-30 19:00:00
Mainly Clear,2017-02-01 07:00:00
Mainly Clear,2017-02-01 10:00:00
Mainly Clear,2017-02-01 13:00:00
Mainly Clear,2017-02-01 16:00:00
Mainly Clear,2017-02-02 07:00:00
Mostly Cloudy,2017-02-02 10:00:00
Cloudy,2017-02-02 13:00:00
Cloudy,2017-02-02 16:00:00
Snow,2017-02-03 07:00:00
Snow,2017-02-03 10:00:00
Snow,2017-02-03 11:00:00
Snow,2017-02-03 12:00:00
Snow,2017-02-03 13:00:00
Snow,2017-02-03 15:00:00
Snow,2017-02-03 16:00:00
Snow,2017-02-03 17:00:00
Snow,2017-02-04 06:00:00
Snow,2017-02-04 08:00:00
Snow,2017-02-04 09:00:00
Snow,2017-02-04 10:00:00
Snow,2017-02-04 11:00:00
Cloudy,2017-02-04 13:00:00
Snow,2017-02-04 14:00:00
Snow,2017-02-04 15:00:00
Snow,2017-02-04 16:00:00
Snow,2017-02-04 17:00:00
Snow,2017-02-05 16:00:00
Mostly Cloudy,2017-02-06 10:00:00
Mostly Cloudy,2017-02-06 13:00:00
Snow,2017-02-06 17:00:00
Snow,2017-02-07 06:00:00
Mostly Cloudy,2017-02-07 07:00:00
Mainly Clear,2017-02-07 10:00:00
Mainly Clear,2017-02-07 13:00:00
Mostly Cloudy,2017-02-07 16:00:00
Cloudy,2017-02-08 07:00:00
Cloudy,2017-02-08 10:00:00
Snow,2017-02-08 12:00:00
Cloudy,2017-02-08 13:00:00
Snow,2017-02-08 15:00:00
Snow,2017-02-08 16:00:00
Snow,2017-02-08 17:00:00
"Rain,Fog",2017-02-09 06:00:00
Rain,2017-02-09 07:00:00
Rain,2017-02-09 08:00:00
"Rain,Fog",2017-02-09 09:00:00
"Rain,Fog",2017-02-09 12:00:00
Rain,2017-02-09 14:00:00
Cloudy,2017-02-09 16:00:00
Cloudy,2017-02-10 07:00:00
Rain,2017-02-10 09:00:00
Cloudy,2017-02-10 10:00:00
Rain,2017-02-10 12:00:00
Rain Showers,2017-02-10 13:00:00
Cloudy,2017-02-10 16:00:00
Cloudy,2017-02-11 07:00:00
Cloudy,2017-02-11 10:00:00
Cloudy,2017-02-11 13:00:00
Cloudy,2017-02-11 16:00:00
Cloudy,2017-02-12 07:00:00
Mostly Cloudy,2017-02-12 10:00:00
Mainly Clear,2017-02-12 13:00:00
Mostly Cloudy,2017-02-12 16:00:00
Mainly Clear,2017-02-13 07:00:00
Mainly Clear,2017-02-13 10:00:00
Mainly Clear,2017-02-13 13:00:00
Clear,2017-02-13 16:00:00
Cloudy,2017-02-14 07:00:00
Cloudy,2017-02-14 10:00:00
Cloudy,2017-02-14 13:00:00
Cloudy,2017-02-14 16:00:00
Rain,2017-02-15 06:00:00
Cloudy,2017-02-15 07:00:00
Cloudy,2017-02-15 10:00:00
Rain,2017-02-15 11:00:00
"Rain,Fog",2017-02-15 12:00:00
Rain,2017-02-15 13:00:00
Rain,2017-02-15 14:00:00
Rain,2017-02-15 15:00:00
Rain,2017-02-15 17:00:00
Cloudy,2017-02-16 07:00:00
Mostly Cloudy,2017-02-16 10:00:00
Mostly Cloudy,2017-02-16 13:00:00
Mostly Cloudy,2017-02-16 16:00:00
Rain Showers,2017-02-17 07:00:00
Rain Showers,2017-02-17 09:00:00
Mostly Cloudy,2017-02-17 10:00:00
Mostly Cloudy,2017-02-17 13:00:00
Mainly Clear,2017-02-17 16:00:00
Rain Showers,2017-02-18 07:00:00
Rain,2017-02-18 08:00:00
Rain,2017-02-18 09:00:00
Rain,2017-02-18 10:00:00
Rain,2017-02-18 12:00:00
Rain,2017-02-18 13:00:00
Rain,2017-02-18 14:00:00
Rain,2017-02-18 15:00:00
Rain,2017-02-18 16:00:00
Cloudy,2017-02-19 07:00:00
Rain Showers,2017-02-19 08:00:00
Rain Showers,2017-02-19 09:00:00
Rain Showers,2017-02-19 10:00:00
Rain Showers,2017-02-19 12:00:00
Rain Showers,2017-02-19 13:00:00
Rain Showers,2017-02-19 14:00:00
Cloudy,2017-02-19 16:00:00
Mostly Cloudy,2017-02-20 07:00:00
Mostly Cloudy,2017-02-20 10:00:00
Mostly Cloudy,2017-02-20 13:00:00
Cloudy,2017-02-20 16:00:00
Mostly Cloudy,2017-02-21 07:00:00
Mostly Cloudy,2017-02-21 10:00:00
Mostly Cloudy,2017-02-21 13:00:00
Mostly Cloudy,2017-02-21 16:00:00
Mostly Cloudy,2017-02-22 07:00:00
Mostly Cloudy,2017-02-22 10:00:00
Mainly Clear,2017-02-22 13:00:00
Mainly Clear,2017-02-22 16:00:00
Mostly Cloudy,2017-02-23 07:00:00
Mostly Cloudy,2017-02-23 10:00:00
Mainly Clear,2017-02-23 13:00:00
Mainly Clear,2017-02-23 16:00:00
Cloudy,2017-02-24 07:00:00
Cloudy,2017-02-24 10:00:00
Mostly Cloudy,2017-02-24 13:00:00
Mainly Clear,2017-02-24 16:00:00
Mainly Clear,2017-02-25 07:00:00
Cloudy,2017-02-25 10:00:00
Cloudy,2017-02-25 13:00:00
Cloudy,2017-02-25 16:00:00
Cloudy,2017-02-26 07:00:00
Cloudy,2017-02-26 10:00:00
Mainly Clear,2017-02-26 13:00:00
Mainly Clear,2017-02-26 16:00:00
Cloudy,2017-02-27 07:00:00
Snow,2017-02-27 10:00:00
Cloudy,2017-02-27 13:00:00
Mainly Clear,2017-02-27 16:00:00
Snow,2017-02-28 08:00:00
Snow,2017-02-28 09:00:00
Mostly Cloudy,2017-02-28 10:00:00
Mostly Cloudy,2017-02-28 13:00:00
Rain,2017-02-28 16:00:00
Mainly Clear,2016-12-01 07:00:00
Mostly Cloudy,2016-12-01 10:00:00
Cloudy,2016-12-01 13:00:00
Rain Showers,2016-12-01 14:00:00
Rain,2016-12-01 15:00:00
Rain,2016-12-01 16:00:00
Rain,2016-12-01 17:00:00
Rain,2016-12-02 06:00:00
Rain,2016-12-02 07:00:00
"Rain,Fog",2016-12-02 08:00:00
Rain,2016-12-02 09:00:00
"Rain,Fog",2016-12-02 10:00:00
Rain,2016-12-02 12:00:00
Rain,2016-12-02 15:00:00
Cloudy,2016-12-02 16:00:00
Mostly Cloudy,2016-12-03 07:00:00
Cloudy,2016-12-03 10:00:00
Rain,2016-12-03 13:00:00
Rain Showers,2016-12-03 14:00:00
Rain Showers,2016-12-03 15:00:00
Rain,2016-12-03 16:00:00
Rain,2016-12-03 17:00:00
Mainly Clear,2016-12-04 07:00:00
Clear,2016-12-04 10:00:00
Mainly Clear,2016-12-04 13:00:00
Mostly Cloudy,2016-12-04 16:00:00
Snow,2016-12-05 07:00:00
Snow,2016-12-05 08:00:00
Snow,2016-12-05 09:00:00
Snow,2016-12-05 10:00:00
Snow,2016-12-05 11:00:00
Snow,2016-12-05 12:00:00
"Rain,Fog",2016-12-05 13:00:00
"Rain,Fog",2016-12-05 14:00:00
Cloudy,2016-12-05 16:00:00
Clear,2016-12-06 07:00:00
Mainly Clear,2016-12-06 10:00:00
Mostly Cloudy,2016-12-06 13:00:00
Mostly Cloudy,2016-12-06 16:00:00
Clear,2016-12-07 07:00:00
Clear,2016-12-07 10:00:00
Clear,2016-12-07 13:00:00
Clear,2016-12-07 16:00:00
Mainly Clear,2016-12-08 07:00:00
Mainly Clear,2016-12-08 10:00:00
Mostly Cloudy,2016-12-08 13:00:00
Mostly Cloudy,2016-12-08 16:00:00
Snow,2016-12-09 07:00:00
Snow,2016-12-09 08:00:00
Snow,2016-12-09 09:00:00
Snow,2016-12-09 10:00:00
Snow,2016-12-09 12:00:00
Snow,2016-12-09 13:00:00
Snow,2016-12-09 14:00:00
Snow,2016-12-09 15:00:00
Snow,2016-12-09 16:00:00
Snow,2016-12-09 17:00:00
Cloudy,2016-12-10 07:00:00
"Rain,Fog",2016-12-10 09:00:00
"Rain,Fog",2016-12-10 10:00:00
"Rain,Fog",2016-12-10 11:00:00
Rain,2016-12-10 12:00:00
Rain,2016-12-10 13:00:00
"Rain,Fog",2016-12-10 14:00:00
"Rain,Fog",2016-12-10 15:00:00
Cloudy,2016-12-10 16:00:00
Rain,2016-12-10 17:00:00
Cloudy,2016-12-11 07:00:00
Mostly Cloudy,2016-12-11 10:00:00
Rain Showers,2016-12-11 13:00:00
Mostly Cloudy,2016-12-11 16:00:00
Rain Showers,2016-12-11 17:00:00
Snow,2016-12-12 06:00:00
Snow,2016-12-12 07:00:00
Mostly Cloudy,2016-12-12 10:00:00
Mostly Cloudy,2016-12-12 13:00:00
Mainly Clear,2016-12-12 16:00:00
Mainly Clear,2016-12-13 07:00:00
Mainly Clear,2016-12-13 10:00:00
Mainly Clear,2016-12-13 13:00:00
Mainly Clear,2016-12-13 16:00:00
Mainly Clear,2016-12-14 07:00:00
Mainly Clear,2016-12-14 10:00:00
Mostly Cloudy,2016-12-14 13:00:00
Mostly Cloudy,2016-12-14 16:00:00
Clear,2016-12-15 07:00:00
Clear,2016-12-15 10:00:00
Clear,2016-12-15 13:00:00
Mainly Clear,2016-12-15 16:00:00
Mainly Clear,2016-12-16 07:00:00
Mainly Clear,2016-12-16 10:00:00
Mainly Clear,2016-12-16 13:00:00
Mainly Clear,2016-12-16 16:00:00
Cloudy,2016-12-17 07:00:00
Cloudy,2016-12-17 10:00:00
Cloudy,2016-12-17 13:00:00
Cloudy,2016-12-17 16:00:00
Snow,2016-12-18 06:00:00
Snow,2016-12-18 07:00:00
Snow,2016-12-18 08:00:00
Snow,2016-12-18 09:00:00
Snow,2016-12-18 10:00:00
Snow,2016-12-18 11:00:00
Snow,2016-12-18 12:00:00
Snow,2016-12-18 17:00:00
Rain,2016-12-19 06:00:00
Rain,2016-12-19 07:00:00
Mainly Clear,2016-12-19 10:00:00
Mostly Cloudy,2016-12-19 13:00:00
Cloudy,2016-12-19 16:00:00
Mainly Clear,2016-12-20 07:00:00
Mostly Cloudy,2016-12-20 10:00:00
Mostly Cloudy,2016-12-20 13:00:00
Mainly Clear,2016-12-20 16:00:00
Cloudy,2016-12-21 07:00:00
Cloudy,2016-12-21 10:00:00
Cloudy,2016-12-21 13:00:00
Cloudy,2016-12-21 16:00:00
Cloudy,2016-12-22 07:00:00
Rain Showers,2016-12-22 10:00:00
Rain Showers,2016-12-22 11:00:00
Cloudy,2016-12-22 13:00:00
Mostly Cloudy,2016-12-22 16:00:00
Rain,2016-12-23 06:00:00
Rain,2016-12-23 07:00:00
Rain,2016-12-23 08:00:00
Rain,2016-12-23 09:00:00
Rain,2016-12-23 10:00:00
Rain,2016-12-23 11:00:00
Rain,2016-12-23 12:00:00
Rain,2016-12-23 13:00:00
Rain,2016-12-23 14:00:00
Rain,2016-12-23 15:00:00
Rain,2016-12-23 16:00:00
Rain,2016-12-23 17:00:00
Cloudy,2016-12-24 07:00:00
Mostly Cloudy,2016-12-24 10:00:00
Mainly Clear,2016-12-24 13:00:00
Mainly Clear,2016-12-24 16:00:00
Mainly Clear,2016-12-25 07:00:00
Mainly Clear,2016-12-25 10:00:00
Mainly Clear,2016-12-25 13:00:00
Mostly Cloudy,2016-12-25 16:00:00
Snow,2016-12-26 06:00:00
Snow,2016-12-26 07:00:00
Snow,2016-12-26 08:00:00
Snow,2016-12-26 09:00:00
Snow,2016-12-26 10:00:00
Snow,2016-12-26 11:00:00
Snow,2016-12-26 12:00:00
Rain,2016-12-26 14:00:00
Rain,2016-12-26 15:00:00
"Rain,Fog",2016-12-26 16:00:00
"Rain,Fog",2016-12-26 17:00:00
Mostly Cloudy,2016-12-27 10:00:00
Rain Showers,2016-12-27 12:00:00
Mostly Cloudy,2016-12-27 13:00:00
Mostly Cloudy,2016-12-27 16:00:00
Cloudy,2016-12-28 07:00:00
Rain,2016-12-28 09:00:00
Cloudy,2016-12-28 10:00:00
Rain,2016-12-29 10:00:00
Rain,2016-12-29 11:00:00
Rain,2016-12-29 13:00:00
Rain,2016-12-29 14:00:00
Rain,2016-12-29 15:00:00
Cloudy,2016-12-29 16:00:00
Mainly Clear,2016-12-30 07:00:00
Mostly Cloudy,2016-12-30 10:00:00
Cloudy,2016-12-31 10:00:00
Rain,2016-12-31 11:00:00
Rain,2016-12-31 12:00:00
"Rain,Fog",2016-12-31 13:00:00
"Rain,Fog",2016-12-31 14:00:00
Clear,2016-08-01 07:00:00
Mainly Clear,2016-08-01 10:00:00
Mainly Clear,2016-08-01 13:00:00
Mainly Clear,2016-08-01 16:00:00
Mainly Clear,2016-08-01 19:00:00
Cloudy,2016-08-02 07:00:00
Rain Showers,2016-08-02 09:00:00
Cloudy,2016-08-02 10:00:00
Rain Showers,2016-08-02 13:00:00
Rain,2016-08-02 15:00:00
Cloudy,2016-08-02 16:00:00
Rain,2016-08-02 18:00:00
Cloudy,2016-08-02 19:00:00
Cloudy,2016-08-03 07:00:00
Cloudy,2016-08-03 10:00:00
Mostly Cloudy,2016-08-03 13:00:00
Mainly Clear,2016-08-03 16:00:00
Clear,2016-08-03 19:00:00
Mostly Cloudy,2016-08-04 07:00:00
Mainly Clear,2016-08-04 10:00:00
Mainly Clear,2016-08-04 13:00:00
Clear,2016-08-04 16:00:00
Clear,2016-08-04 19:00:00
Mostly Cloudy,2016-08-05 07:00:00
Mainly Clear,2016-08-05 10:00:00
Clear,2016-08-05 16:00:00
Mostly Cloudy,2016-08-06 07:00:00
Mostly Cloudy,2016-08-06 10:00:00
Mostly Cloudy,2016-08-06 13:00:00
Mostly Cloudy,2016-08-06 16:00:00
Mostly Cloudy,2016-08-06 19:00:00
Mostly Cloudy,2016-08-07 07:00:00
Mostly Cloudy,2016-08-07 10:00:00
Cloudy,2016-08-07 13:00:00
Mostly Cloudy,2016-08-07 19:00:00
Mostly Cloudy,2016-08-08 07:00:00
Mostly Cloudy,2016-08-08 10:00:00
Mostly Cloudy,2016-08-08 16:00:00
Mostly Cloudy,2016-08-08 19:00:00
"Rain,Fog",2016-08-09 07:00:00
"Rain,Fog",2016-08-09 08:00:00
Cloudy,2016-08-09 13:00:00
Mostly Cloudy,2016-08-09 19:00:00
Cloudy,2016-08-10 07:00:00
Mostly Cloudy,2016-08-10 13:00:00
Mainly Clear,2016-08-10 16:00:00
Clear,2016-08-10 19:00:00
Clear,2016-08-11 07:00:00
Clear,2016-08-11 10:00:00
Mainly Clear,2016-08-11 16:00:00
Clear,2016-08-11 19:00:00
Clear,2016-08-12 07:00:00
Clear,2016-08-12 10:00:00
Mostly Cloudy,2016-08-12 13:00:00
Mainly Clear,2016-08-12 19:00:00
Mainly Clear,2016-08-13 07:00:00
Mainly Clear,2016-08-13 16:00:00
Mainly Clear,2016-08-13 19:00:00
Mainly Clear,2016-08-14 07:00:00
Mainly Clear,2016-08-14 10:00:00
Clear,2016-08-14 13:00:00
Clear,2016-08-14 16:00:00
Mainly Clear,2016-08-14 19:00:00
Clear,2016-08-15 10:00:00
Clear,2016-08-15 13:00:00
Clear,2016-08-15 16:00:00
Clear,2016-08-15 19:00:00
Clear,2016-08-16 10:00:00
Clear,2016-08-16 13:00:00
Mainly Clear,2016-08-16 16:00:00
Clear,2016-08-17 07:00:00
Clear,2016-08-17 10:00:00
Clear,2016-08-17 19:00:00
Clear,2016-08-18 07:00:00
Mainly Clear,2016-08-18 10:00:00
Mainly Clear,2016-08-18 13:00:00
Mainly Clear,2016-08-18 19:00:00
Mainly Clear,2016-08-19 07:00:00
Mainly Clear,2016-08-19 10:00:00
Mainly Clear,2016-08-19 13:00:00
Mostly Cloudy,2016-08-19 19:00:00
Mainly Clear,2016-08-20 07:00:00
Mainly Clear,2016-08-20 10:00:00
Clear,2016-08-20 13:00:00
Clear,2016-08-20 16:00:00
Clear,2016-08-20 19:00:00
Mainly Clear,2016-08-21 07:00:00
Mainly Clear,2016-08-21 10:00:00
Mostly Cloudy,2016-08-21 13:00:00
Mostly Cloudy,2016-08-21 16:00:00
Mostly Cloudy,2016-08-21 19:00:00
Mainly Clear,2016-08-22 07:00:00
Mostly Cloudy,2016-08-22 10:00:00
Mainly Clear,2016-08-22 13:00:00
Mainly Clear,2016-08-22 16:00:00
Clear,2016-08-22 19:00:00
Mainly Clear,2016-08-23 07:00:00
Mainly Clear,2016-08-23 10:00:00
Mainly Clear,2016-08-23 13:00:00
Mainly Clear,2016-08-23 16:00:00
Mainly Clear,2016-08-23 19:00:00
Mainly Clear,2016-08-24 07:00:00
Clear,2016-08-24 10:00:00
Clear,2016-08-24 13:00:00
Clear,2016-08-24 16:00:00
Mainly Clear,2016-08-24 19:00:00
Mainly Clear,2016-08-25 07:00:00
Mainly Clear,2016-08-25 10:00:00
Mainly Clear,2016-08-25 13:00:00
Mainly Clear,2016-08-25 16:00:00
Clear,2016-08-25 19:00:00
Cloudy,2016-08-26 07:00:00
Mostly Cloudy,2016-08-26 10:00:00
Cloudy,2016-08-26 13:00:00
Cloudy,2016-08-26 16:00:00
Mostly Cloudy,2016-08-26 19:00:00
Mostly Cloudy,2016-08-27 07:00:00
Mostly Cloudy,2016-08-27 10:00:00
Mostly Cloudy,2016-08-27 13:00:00
Mostly Cloudy,2016-08-27 16:00:00
Mostly Cloudy,2016-08-27 19:00:00
Mostly Cloudy,2016-08-28 07:00:00
Cloudy,2016-08-28 10:00:00
Cloudy,2016-08-28 13:00:00
Rain Showers,2016-08-28 14:00:00
Cloudy,2016-08-28 16:00:00
Rain Showers,2016-08-28 17:00:00
Mostly Cloudy,2016-08-28 19:00:00
Mainly Clear,2016-08-29 10:00:00
Mostly Cloudy,2016-08-29 13:00:00
Mostly Cloudy,2016-08-29 16:00:00
Mostly Cloudy,2016-08-29 19:00:00
Cloudy,2016-08-30 07:00:00
Mostly Cloudy,2016-08-30 10:00:00
Mostly Cloudy,2016-08-30 13:00:00
Mostly Cloudy,2016-08-30 16:00:00
Mostly Cloudy,2016-08-30 19:00:00
Rain Showers,2016-08-31 06:00:00
Cloudy,2016-08-31 07:00:00
Rain,2016-08-31 08:00:00
Cloudy,2016-08-31 10:00:00
Rain,2016-08-31 11:00:00
Rain,2016-08-31 12:00:00
Rain Showers,2016-08-31 13:00:00
Rain Showers,2016-08-31 14:00:00
Rain Showers,2016-08-31 16:00:00
Cloudy,2016-08-31 19:00:00
Mainly Clear,2016-06-05 07:00:00
Mostly Cloudy,2016-06-05 10:00:00
Mostly Cloudy,2016-06-05 13:00:00
Mostly Cloudy,2016-06-05 16:00:00
Mostly Cloudy,2016-06-05 19:00:00
Mostly Cloudy,2016-06-06 07:00:00
Mostly Cloudy,2016-06-06 10:00:00
Mostly Cloudy,2016-06-06 13:00:00
Mainly Clear,2016-06-06 16:00:00
Mostly Cloudy,2016-06-06 19:00:00
Mainly Clear,2016-06-07 07:00:00
Mainly Clear,2016-06-07 10:00:00
Mostly Cloudy,2016-06-07 13:00:00
Cloudy,2016-06-07 16:00:00
Cloudy,2016-06-07 19:00:00
Cloudy,2016-06-08 07:00:00
Cloudy,2016-06-08 10:00:00
Rain Showers,2016-06-08 12:00:00
Cloudy,2016-06-08 13:00:00
Mostly Cloudy,2016-06-08 16:00:00
Mainly Clear,2016-06-08 19:00:00
Mostly Cloudy,2016-06-09 07:00:00
Mostly Cloudy,2016-06-09 10:00:00
Mostly Cloudy,2016-06-09 13:00:00
Mostly Cloudy,2016-06-09 16:00:00
Mostly Cloudy,2016-06-09 19:00:00
Mostly Cloudy,2016-06-10 07:00:00
Mostly Cloudy,2016-06-10 10:00:00
Mainly Clear,2016-06-10 13:00:00
Mostly Cloudy,2016-06-10 16:00:00
Mainly Clear,2016-06-10 19:00:00
Rain Showers,2016-06-11 06:00:00
Rain Showers,2016-06-11 07:00:00
Cloudy,2016-06-11 10:00:00
Cloudy,2016-06-11 13:00:00
Mostly Cloudy,2016-06-11 16:00:00
Mainly Clear,2016-06-11 19:00:00
Mostly Cloudy,2016-06-12 07:00:00
Mostly Cloudy,2016-06-12 10:00:00
Mainly Clear,2016-06-12 13:00:00
Mostly Cloudy,2016-06-12 16:00:00
Mostly Cloudy,2016-06-12 19:00:00
Rain Showers,2016-06-13 06:00:00
Cloudy,2016-06-13 07:00:00
Rain Showers,2016-06-13 08:00:00
Rain Showers,2016-06-13 09:00:00
Mostly Cloudy,2016-06-13 10:00:00
Mostly Cloudy,2016-06-13 13:00:00
Mostly Cloudy,2016-06-13 16:00:00
Mainly Clear,2016-06-13 19:00:00
Cloudy,2016-06-14 07:00:00
Cloudy,2016-06-14 10:00:00
Rain Showers,2016-06-14 14:00:00
Cloudy,2016-06-14 16:00:00
Mostly Cloudy,2016-06-14 19:00:00
Rain Showers,2016-06-15 07:00:00
Cloudy,2016-06-15 10:00:00
Mostly Cloudy,2016-06-15 13:00:00
Mainly Clear,2016-06-15 16:00:00
Clear,2016-06-15 19:00:00
Mostly Cloudy,2016-06-16 07:00:00
Mostly Cloudy,2016-06-16 10:00:00
Mostly Cloudy,2016-06-16 13:00:00
Mostly Cloudy,2016-06-16 16:00:00
Mostly Cloudy,2016-06-16 19:00:00
Mainly Clear,2016-06-17 07:00:00
Mainly Clear,2016-06-17 10:00:00
Mainly Clear,2016-06-17 13:00:00
Mainly Clear,2016-06-17 16:00:00
Mostly Cloudy,2016-06-17 19:00:00
Rain Showers,2016-06-17 20:00:00
Rain,2016-06-18 06:00:00
Rain,2016-06-18 07:00:00
Rain,2016-06-18 08:00:00
Rain,2016-06-18 09:00:00
Rain,2016-06-18 10:00:00
Rain,2016-06-18 11:00:00
Rain,2016-06-18 12:00:00
Rain,2016-06-18 13:00:00
Rain,2016-06-18 14:00:00
Rain,2016-06-18 15:00:00
Rain,2016-06-18 16:00:00
Rain,2016-06-18 17:00:00
Cloudy,2016-06-18 19:00:00
Rain Showers,2016-06-18 21:00:00
Rain Showers,2016-06-19 06:00:00
Cloudy,2016-06-19 07:00:00
Cloudy,2016-06-19 10:00:00
Cloudy,2016-06-19 13:00:00
Mainly Clear,2016-06-19 16:00:00
Mainly Clear,2016-06-19 19:00:00
Mostly Cloudy,2016-06-20 07:00:00
Mostly Cloudy,2016-06-20 10:00:00
Mostly Cloudy,2016-06-20 13:00:00
Mostly Cloudy,2016-06-20 16:00:00
Mainly Clear,2016-06-20 19:00:00
Mostly Cloudy,2016-06-21 07:00:00
Cloudy,2016-06-21 10:00:00
Mostly Cloudy,2016-06-21 13:00:00
Mostly Cloudy,2016-06-21 16:00:00
Mostly Cloudy,2016-06-21 19:00:00
Cloudy,2016-06-22 07:00:00
Cloudy,2016-06-22 10:00:00
Cloudy,2016-06-22 13:00:00
Cloudy,2016-06-22 16:00:00
Rain,2016-06-22 17:00:00
Rain,2016-06-22 19:00:00
Rain,2016-06-22 20:00:00
Rain,2016-06-22 21:00:00
Rain,2016-06-23 06:00:00
Rain,2016-06-23 07:00:00
"Rain,Fog",2016-06-23 08:00:00
"Rain,Fog",2016-06-23 09:00:00
Cloudy,2016-06-23 10:00:00
Cloudy,2016-06-23 13:00:00
Mainly Clear,2016-06-23 16:00:00
Mostly Cloudy,2016-06-23 19:00:00
Cloudy,2016-06-24 07:00:00
Cloudy,2016-06-24 10:00:00
Mostly Cloudy,2016-06-24 13:00:00
Cloudy,2016-06-24 16:00:00
Cloudy,2016-06-24 19:00:00
Cloudy,2016-06-25 07:00:00
Cloudy,2016-06-25 10:00:00
Mainly Clear,2016-06-25 13:00:00
Mostly Cloudy,2016-06-25 16:00:00
Clear,2016-06-25 19:00:00
Clear,2016-06-26 07:00:00
Mainly Clear,2016-06-26 10:00:00
Clear,2016-06-26 13:00:00
Mainly Clear,2016-06-26 16:00:00
Mainly Clear,2016-06-26 19:00:00
Mostly Cloudy,2016-06-27 07:00:00
Mostly Cloudy,2016-06-27 10:00:00
Mostly Cloudy,2016-06-27 13:00:00
Clear,2016-06-27 16:00:00
Mainly Clear,2016-06-27 19:00:00
Clear,2016-06-28 07:00:00
Clear,2016-06-28 10:00:00
Clear,2016-06-28 13:00:00
Clear,2016-06-28 16:00:00
Mainly Clear,2016-06-28 19:00:00
Mainly Clear,2016-06-29 07:00:00
Clear,2016-06-29 10:00:00
Clear,2016-06-29 13:00:00
Clear,2016-06-29 16:00:00
Clear,2016-06-29 19:00:00
Mostly Cloudy,2016-06-30 07:00:00
Mostly Cloudy,2016-06-30 10:00:00
Cloudy,2016-06-30 13:00:00
Mostly Cloudy,2016-06-30 16:00:00
Mostly Cloudy,2016-06-30 19:00:00
Cloudy,2016-11-01 07:00:00
Mostly Cloudy,2016-11-01 10:00:00
Rain,2016-11-01 13:00:00
Rain Showers,2016-11-01 14:00:00
Rain,2016-11-01 15:00:00
Rain,2016-11-01 16:00:00
Rain,2016-11-02 06:00:00
Rain,2016-11-02 07:00:00
Rain,2016-11-02 08:00:00
Rain,2016-11-02 09:00:00
Rain,2016-11-02 10:00:00
Rain,2016-11-02 11:00:00
Rain,2016-11-02 12:00:00
Rain,2016-11-02 13:00:00
Rain,2016-11-02 14:00:00
Rain,2016-11-02 15:00:00
Rain,2016-11-02 16:00:00
Rain,2016-11-02 17:00:00
Rain,2016-11-02 18:00:00
Mostly Cloudy,2016-11-03 07:00:00
Cloudy,2016-11-03 10:00:00
Cloudy,2016-11-03 13:00:00
Mainly Clear,2016-11-03 16:00:00
Mostly Cloudy,2016-11-04 07:00:00
Cloudy,2016-11-04 10:00:00
Cloudy,2016-11-04 13:00:00
Cloudy,2016-11-04 16:00:00
Rain Showers,2016-11-04 18:00:00
Rain,2016-11-05 06:00:00
Rain,2016-11-05 07:00:00
Rain,2016-11-05 08:00:00
Cloudy,2016-11-05 10:00:00
Rain,2016-11-05 12:00:00
Rain,2016-11-05 14:00:00
Cloudy,2016-11-05 16:00:00
Cloudy,2016-11-05 19:00:00
Rain Showers,2016-11-06 06:00:00
Cloudy,2016-11-06 07:00:00
Cloudy,2016-11-06 10:00:00
Mostly Cloudy,2016-11-06 13:00:00
Cloudy,2016-11-06 16:00:00
Rain,2016-11-07 06:00:00
Rain,2016-11-07 07:00:00
Rain,2016-11-07 09:00:00
Cloudy,2016-11-07 10:00:00
Cloudy,2016-11-07 13:00:00
Rain,2016-11-07 14:00:00
Rain,2016-11-07 15:00:00
Cloudy,2016-11-07 16:00:00
Mostly Cloudy,2016-11-08 07:00:00
Cloudy,2016-11-08 10:00:00
Mostly Cloudy,2016-11-08 13:00:00
Mostly Cloudy,2016-11-08 16:00:00
Rain,2016-11-09 06:00:00
Rain,2016-11-09 07:00:00
Rain,2016-11-09 08:00:00
"Rain,Fog",2016-11-09 09:00:00
Cloudy,2016-11-09 13:00:00
Cloudy,2016-11-09 16:00:00
Cloudy,2016-11-10 07:00:00
Cloudy,2016-11-10 10:00:00
Cloudy,2016-11-10 13:00:00
Cloudy,2016-11-10 16:00:00
Cloudy,2016-11-11 07:00:00
Rain Showers,2016-11-11 08:00:00
Rain Showers,2016-11-11 09:00:00
Cloudy,2016-11-11 10:00:00
Cloudy,2016-11-11 13:00:00
Cloudy,2016-11-11 16:00:00
Rain,2016-11-12 07:00:00
Rain Showers,2016-11-12 10:00:00
Mostly Cloudy,2016-11-12 13:00:00
Mostly Cloudy,2016-11-12 16:00:00
Cloudy,2016-11-13 07:00:00
Rain,2016-11-13 08:00:00
Rain,2016-11-13 09:00:00
Rain,2016-11-13 10:00:00
Rain,2016-11-13 11:00:00
Rain,2016-11-13 12:00:00
Rain,2016-11-13 13:00:00
Rain,2016-11-13 14:00:00
Rain,2016-11-13 15:00:00
Rain,2016-11-13 16:00:00
Rain,2016-11-13 17:00:00
Rain,2016-11-13 18:00:00
Mostly Cloudy,2016-11-14 07:00:00
Mainly Clear,2016-11-14 10:00:00
Mostly Cloudy,2016-11-14 13:00:00
Mostly Cloudy,2016-11-14 16:00:00
Rain,2016-11-15 06:00:00
Rain,2016-11-15 07:00:00
Rain,2016-11-15 08:00:00
Rain,2016-11-15 09:00:00
Cloudy,2016-11-15 10:00:00
Mostly Cloudy,2016-11-15 13:00:00
Rain,2016-11-15 15:00:00
Cloudy,2016-11-15 16:00:00
Cloudy,2016-11-16 07:00:00
Cloudy,2016-11-16 10:00:00
Cloudy,2016-11-16 13:00:00
Cloudy,2016-11-16 16:00:00
Rain,2016-11-16 18:00:00
Cloudy,2016-11-17 07:00:00
Cloudy,2016-11-17 10:00:00
Cloudy,2016-11-17 13:00:00
Mostly Cloudy,2016-11-17 16:00:00
Cloudy,2016-11-18 07:00:00
Cloudy,2016-11-18 10:00:00
Cloudy,2016-11-18 13:00:00
Cloudy,2016-11-18 16:00:00
Rain,2016-11-19 06:00:00
Cloudy,2016-11-19 07:00:00
Mostly Cloudy,2016-11-19 10:00:00
Cloudy,2016-11-19 13:00:00
Cloudy,2016-11-19 16:00:00
Cloudy,2016-11-20 07:00:00
Rain,2016-11-20 08:00:00
Cloudy,2016-11-20 10:00:00
Cloudy,2016-11-20 13:00:00
Rain,2016-11-20 14:00:00
Rain,2016-11-20 15:00:00
Rain,2016-11-20 16:00:00
Cloudy,2016-11-21 07:00:00
Mostly Cloudy,2016-11-21 10:00:00
Mainly Clear,2016-11-21 13:00:00
Mainly Clear,2016-11-21 16:00:00
Rain,2016-11-22 07:00:00
Rain,2016-11-22 08:00:00
Rain,2016-11-22 09:00:00
Rain,2016-11-22 10:00:00
Rain,2016-11-22 11:00:00
Rain,2016-11-22 13:00:00
Rain,2016-11-22 14:00:00
Rain,2016-11-22 15:00:00
Rain,2016-11-22 16:00:00
Rain,2016-11-22 17:00:00
Mostly Cloudy,2016-11-23 07:00:00
Mostly Cloudy,2016-11-23 10:00:00
Rain,2016-11-23 12:00:00
Rain,2016-11-23 13:00:00
Cloudy,2016-11-23 16:00:00
Rain,2016-11-24 06:00:00
Rain,2016-11-24 07:00:00
Cloudy,2016-11-24 10:00:00
Rain,2016-11-24 11:00:00
Rain,2016-11-24 12:00:00
Cloudy,2016-11-24 13:00:00
Rain,2016-11-24 14:00:00
Cloudy,2016-11-24 16:00:00
Rain,2016-11-24 17:00:00
Mostly Cloudy,2016-11-25 07:00:00
Mostly Cloudy,2016-11-25 10:00:00
Cloudy,2016-11-25 13:00:00
Cloudy,2016-11-25 16:00:00
"Rain,Fog",2016-11-26 08:00:00
Rain,2016-11-26 09:00:00
Rain,2016-11-26 10:00:00
Rain,2016-11-26 11:00:00
Rain,2016-11-26 12:00:00
Rain,2016-11-26 13:00:00
Rain,2016-11-26 14:00:00
Rain,2016-11-26 15:00:00
Rain,2016-11-26 16:00:00
Rain,2016-11-26 17:00:00
Mainly Clear,2016-11-27 07:00:00
Cloudy,2016-11-27 10:00:00
Rain Showers,2016-11-27 11:00:00
Rain,2016-11-27 14:00:00
Rain,2016-11-27 16:00:00
"Rain,Fog",2016-11-27 17:00:00
Mostly Cloudy,2016-11-28 07:00:00
Mostly Cloudy,2016-11-28 10:00:00
Mostly Cloudy,2016-11-28 13:00:00
Mainly Clear,2016-11-28 16:00:00
Cloudy,2016-11-29 07:00:00
Cloudy,2016-11-29 10:00:00
Rain,2016-11-29 11:00:00
"Rain,Fog",2016-11-29 12:00:00
Rain,2016-11-29 13:00:00
Cloudy,2016-11-29 16:00:00
Rain Showers,2016-11-30 06:00:00
"Rain,Fog",2016-11-30 07:00:00
"Rain,Fog",2016-11-30 08:00:00
"Rain,Fog",2016-11-30 09:00:00
"Rain,Fog",2016-11-30 11:00:00
Rain,2016-11-30 13:00:00
Mostly Cloudy,2016-11-30 16:00:00
Rain,2016-07-01 07:00:00
Rain,2016-07-01 10:00:00
Cloudy,2016-07-01 13:00:00
Mainly Clear,2016-07-01 16:00:00
Cloudy,2016-07-01 19:00:00
Mostly Cloudy,2016-07-02 07:00:00
Mostly Cloudy,2016-07-02 10:00:00
Mostly Cloudy,2016-07-02 13:00:00
Mostly Cloudy,2016-07-02 16:00:00
Mainly Clear,2016-07-02 19:00:00
Mainly Clear,2016-07-03 07:00:00
Mainly Clear,2016-07-03 10:00:00
Mainly Clear,2016-07-03 13:00:00
Mainly Clear,2016-07-03 16:00:00
Mostly Cloudy,2016-07-03 19:00:00
Cloudy,2016-07-04 07:00:00
Mostly Cloudy,2016-07-04 10:00:00
Mostly Cloudy,2016-07-04 13:00:00
Mostly Cloudy,2016-07-04 16:00:00
Mostly Cloudy,2016-07-04 19:00:00
Cloudy,2016-07-05 07:00:00
Rain,2016-07-05 11:00:00
Mostly Cloudy,2016-07-05 13:00:00
Mostly Cloudy,2016-07-05 16:00:00
Mostly Cloudy,2016-07-05 19:00:00
Mostly Cloudy,2016-07-06 07:00:00
Mainly Clear,2016-07-06 10:00:00
Mainly Clear,2016-07-06 13:00:00
Mainly Clear,2016-07-06 16:00:00
Mainly Clear,2016-07-06 19:00:00
Rain,2016-07-07 06:00:00
Rain,2016-07-07 07:00:00
Rain,2016-07-07 08:00:00
Rain,2016-07-07 09:00:00
Rain,2016-07-07 10:00:00
Rain,2016-07-07 11:00:00
Rain,2016-07-07 12:00:00
Rain Showers,2016-07-07 13:00:00
Cloudy,2016-07-07 16:00:00
Rain,2016-07-07 18:00:00
Rain,2016-07-07 19:00:00
Mostly Cloudy,2016-07-08 07:00:00
Cloudy,2016-07-08 10:00:00
Mostly Cloudy,2016-07-08 13:00:00
Mostly Cloudy,2016-07-08 16:00:00
Mostly Cloudy,2016-07-08 19:00:00
Rain Showers,2016-07-09 07:00:00
Mostly Cloudy,2016-07-09 10:00:00
Mostly Cloudy,2016-07-09 13:00:00
Mostly Cloudy,2016-07-09 16:00:00
Cloudy,2016-07-09 19:00:00
Mostly Cloudy,2016-07-10 07:00:00
Mainly Clear,2016-07-10 10:00:00
Mainly Clear,2016-07-10 13:00:00
Mainly Clear,2016-07-10 16:00:00
Mostly Cloudy,2016-07-10 19:00:00
Mostly Cloudy,2016-07-11 07:00:00
Cloudy,2016-07-11 10:00:00
Mostly Cloudy,2016-07-11 13:00:00
Mostly Cloudy,2016-07-11 16:00:00
Mostly Cloudy,2016-07-11 19:00:00
Rain,2016-07-12 06:00:00
Rain,2016-07-12 07:00:00
Rain,2016-07-12 08:00:00
Rain,2016-07-12 09:00:00
Cloudy,2016-07-12 10:00:00
Cloudy,2016-07-12 13:00:00
Mostly Cloudy,2016-07-12 16:00:00
Mostly Cloudy,2016-07-12 19:00:00
Cloudy,2016-07-13 07:00:00
Mostly Cloudy,2016-07-13 10:00:00
Mainly Clear,2016-07-13 13:00:00
Mainly Clear,2016-07-13 16:00:00
Clear,2016-07-13 19:00:00
Cloudy,2016-07-14 07:00:00
Mostly Cloudy,2016-07-14 10:00:00
Mostly Cloudy,2016-07-14 13:00:00
Rain,2016-07-14 16:00:00
Mainly Clear,2016-07-14 19:00:00
Mostly Cloudy,2016-07-15 07:00:00
Mostly Cloudy,2016-07-15 10:00:00
Mainly Clear,2016-07-15 13:00:00
Mainly Clear,2016-07-15 16:00:00
Mostly Cloudy,2016-07-15 19:00:00
Cloudy,2016-07-16 07:00:00
Cloudy,2016-07-16 10:00:00
Cloudy,2016-07-16 13:00:00
Mainly Clear,2016-07-16 16:00:00
Mainly Clear,2016-07-16 19:00:00
Mostly Cloudy,2016-07-17 07:00:00
Mostly Cloudy,2016-07-17 10:00:00
Mostly Cloudy,2016-07-17 13:00:00
Mostly Cloudy,2016-07-17 16:00:00
Mostly Cloudy,2016-07-17 19:00:00
Mostly Cloudy,2016-07-18 07:00:00
Mainly Clear,2016-07-18 10:00:00
Mainly Clear,2016-07-18 13:00:00
Mostly Cloudy,2016-07-18 16:00:00
Mostly Cloudy,2016-07-18 19:00:00
Cloudy,2016-07-19 10:00:00
Mainly Clear,2016-07-19 13:00:00
Mainly Clear,2016-07-19 16:00:00
Mainly Clear,2016-07-19 19:00:00
Cloudy,2016-07-20 07:00:00
Mainly Clear,2016-07-20 10:00:00
Mainly Clear,2016-07-20 13:00:00
Mainly Clear,2016-07-20 16:00:00
Clear,2016-07-20 19:00:00
Clear,2016-07-21 07:00:00
Clear,2016-07-21 10:00:00
Clear,2016-07-21 13:00:00
Mostly Cloudy,2016-07-21 16:00:00
Mainly Clear,2016-07-21 19:00:00
Mostly Cloudy,2016-07-22 07:00:00
Mainly Clear,2016-07-22 10:00:00
Mainly Clear,2016-07-22 13:00:00
Cloudy,2016-07-22 16:00:00
Cloudy,2016-07-22 19:00:00
Mainly Clear,2016-07-23 07:00:00
Mainly Clear,2016-07-23 10:00:00
Mainly Clear,2016-07-23 13:00:00
Mainly Clear,2016-07-23 16:00:00
Mainly Clear,2016-07-23 19:00:00
Mainly Clear,2016-07-24 07:00:00
Mainly Clear,2016-07-24 10:00:00
Mainly Clear,2016-07-24 13:00:00
Mainly Clear,2016-07-24 16:00:00
Mainly Clear,2016-07-24 19:00:00
Mostly Cloudy,2016-07-25 07:00:00
Mostly Cloudy,2016-07-25 10:00:00
Mostly Cloudy,2016-07-25 13:00:00
Mostly Cloudy,2016-07-25 19:00:00
Mostly Cloudy,2016-07-26 07:00:00
Mainly Clear,2016-07-26 10:00:00
Mainly Clear,2016-07-26 13:00:00
Mainly Clear,2016-07-26 16:00:00
Mostly Cloudy,2016-07-27 07:00:00
Clear,2016-07-27 10:00:00
Clear,2016-07-27 13:00:00
Mainly Clear,2016-07-27 16:00:00
Clear,2016-07-27 19:00:00
Clear,2016-07-28 07:00:00
Clear,2016-07-28 10:00:00
Clear,2016-07-28 13:00:00
Clear,2016-07-28 16:00:00
Clear,2016-07-28 19:00:00
Clear,2016-07-29 07:00:00
Clear,2016-07-29 10:00:00
Clear,2016-07-29 13:00:00
Clear,2016-07-29 16:00:00
Clear,2016-07-29 19:00:00
Mainly Clear,2016-07-30 07:00:00
Mainly Clear,2016-07-30 10:00:00
Clear,2016-07-30 13:00:00
Clear,2016-07-30 16:00:00
Mainly Clear,2016-07-30 19:00:00
Mostly Cloudy,2016-07-31 07:00:00
Mostly Cloudy,2016-07-31 10:00:00
Mostly Cloudy,2016-07-31 13:00:00
Clear,2016-07-31 16:00:00
Mainly Clear,2016-07-31 19:00:00
Cloudy,2017-01-01 07:00:00
Cloudy,2017-01-01 10:00:00
Cloudy,2017-01-01 13:00:00
Mostly Cloudy,2017-01-01 16:00:00
Clear,2017-01-02 10:00:00
Clear,2017-01-02 16:00:00
Clear,2017-01-03 07:00:00
Clear,2017-01-03 13:00:00
Clear,2017-01-04 13:00:00
Clear,2017-01-05 07:00:00
Mostly Cloudy,2017-01-05 10:00:00
Mostly Cloudy,2017-01-05 13:00:00
Cloudy,2017-01-05 16:00:00
Cloudy,2017-01-06 13:00:00
Cloudy,2017-01-06 16:00:00
Cloudy,2017-01-08 07:00:00
"Rain,Fog",2017-01-08 17:00:00
Rain Showers,2017-01-09 13:00:00
Mostly Cloudy,2017-01-10 10:00:00
Mainly Clear,2017-01-11 07:00:00
Clear,2017-01-11 10:00:00
Clear,2017-01-11 13:00:00
Clear,2017-01-11 16:00:00
Mainly Clear,2017-01-13 07:00:00
Cloudy,2017-01-13 10:00:00
Cloudy,2017-01-13 13:00:00
Cloudy,2017-01-13 16:00:00
Cloudy,2017-01-14 13:00:00
Mostly Cloudy,2017-01-15 07:00:00
Mostly Cloudy,2017-01-15 13:00:00
Cloudy,2017-01-16 07:00:00
Rain,2017-01-17 14:00:00
Rain,2017-01-17 15:00:00
Rain,2017-01-18 06:00:00
Rain,2017-01-18 07:00:00
Rain,2017-01-18 08:00:00
Rain,2017-01-18 09:00:00
Cloudy,2017-01-18 10:00:00
Rain,2017-01-18 12:00:00
Rain,2017-01-18 13:00:00
Rain,2017-01-18 16:00:00
Rain,2017-01-18 17:00:00
Rain Showers,2017-01-19 06:00:00
Rain,2017-01-19 07:00:00
Rain,2017-01-19 08:00:00
Rain,2017-01-19 11:00:00
Rain,2017-01-19 12:00:00
Cloudy,2017-01-19 13:00:00
Rain,2017-01-19 16:00:00
Rain,2017-01-19 17:00:00
Mainly Clear,2017-01-20 07:00:00
Mostly Cloudy,2017-01-20 10:00:00
Cloudy,2017-01-20 16:00:00
Cloudy,2017-01-21 07:00:00
Mostly Cloudy,2017-01-21 10:00:00
Mostly Cloudy,2017-01-21 13:00:00
Mostly Cloudy,2017-01-21 16:00:00
Mostly Cloudy,2017-01-22 07:00:00
Rain,2017-01-22 13:00:00
Rain,2017-01-22 14:00:00
Rain,2017-01-22 15:00:00
Rain,2017-01-22 16:00:00
Clear,2017-01-23 13:00:00
Clear,2017-01-23 16:00:00
Cloudy,2017-01-24 07:00:00
Cloudy,2017-01-24 10:00:00
Cloudy,2017-01-24 13:00:00
Mostly Cloudy,2017-01-24 16:00:00
Cloudy,2017-01-25 07:00:00
Cloudy,2017-01-25 10:00:00
Cloudy,2017-01-25 13:00:00
Cloudy,2017-01-25 16:00:00
Cloudy,2017-01-26 07:00:00
Cloudy,2017-01-26 10:00:00
Cloudy,2017-01-26 13:00:00
Mostly Cloudy,2017-01-26 16:00:00
Cloudy,2017-01-27 07:00:00
Cloudy,2017-01-27 10:00:00
Mostly Cloudy,2017-01-27 13:00:00
Cloudy,2017-01-27 16:00:00
Cloudy,2017-01-28 07:00:00
Cloudy,2017-01-28 10:00:00
Cloudy,2017-01-28 13:00:00
Cloudy,2017-01-28 16:00:00
Mostly Cloudy,2017-01-29 07:00:00
Cloudy,2017-01-29 10:00:00
Rain,2017-01-29 11:00:00
Rain,2017-01-29 12:00:00
Cloudy,2017-01-29 13:00:00
Mostly Cloudy,2017-01-29 16:00:00
Mostly Cloudy,2017-01-30 07:00:00
Cloudy,2017-01-30 10:00:00
Rain,2017-01-30 11:00:00
Cloudy,2017-01-30 13:00:00
Cloudy,2017-01-30 16:00:00
Mainly Clear,2017-01-31 07:00:00
Clear,2017-01-31 10:00:00
Clear,2017-01-31 13:00:00
Mainly Clear,2017-01-31 16:00:00
Cloudy,2017-03-01 07:00:00
Cloudy,2017-03-01 10:00:00
Cloudy,2017-03-01 13:00:00
Cloudy,2017-03-01 16:00:00
Cloudy,2017-03-02 07:00:00
Rain,2017-03-02 09:00:00
Rain,2017-03-02 10:00:00
Rain,2017-03-02 11:00:00
Rain,2017-03-02 13:00:00
Rain,2017-03-02 16:00:00
Rain,2017-03-02 17:00:00
Rain,2017-03-03 07:00:00
Cloudy,2017-03-03 10:00:00
Rain,2017-03-03 11:00:00
Rain,2017-03-03 12:00:00
Rain,2017-03-03 13:00:00
Rain,2017-03-03 14:00:00
Rain,2017-03-03 15:00:00
Rain,2017-03-03 16:00:00
Rain,2017-03-04 06:00:00
Mainly Clear,2017-03-04 07:00:00
Mostly Cloudy,2017-03-04 10:00:00
Mostly Cloudy,2017-03-04 13:00:00
Mostly Cloudy,2017-03-04 16:00:00
Snow,2017-03-05 06:00:00
Cloudy,2017-03-05 10:00:00
Rain Showers,2017-03-05 12:00:00
Mostly Cloudy,2017-03-05 13:00:00
Rain Showers,2017-03-05 14:00:00
Rain Showers,2017-03-05 15:00:00
Mostly Cloudy,2017-03-06 07:00:00
Mostly Cloudy,2017-03-06 10:00:00
Mostly Cloudy,2017-03-06 13:00:00
Mainly Clear,2017-03-06 16:00:00
Cloudy,2017-03-07 07:00:00
Rain Showers,2017-03-07 09:00:00
Rain,2017-03-07 11:00:00
Rain,2017-03-07 17:00:00
Cloudy,2017-03-08 07:00:00
Cloudy,2017-03-08 10:00:00
Cloudy,2017-03-08 13:00:00
Rain Showers,2017-03-08 15:00:00
Cloudy,2017-03-08 16:00:00
Rain Showers,2017-03-08 17:00:00
Cloudy,2017-03-09 10:00:00
Cloudy,2017-03-09 13:00:00
Rain,2017-03-09 14:00:00
Rain,2017-03-09 16:00:00
Rain,2017-03-09 17:00:00
Cloudy,2017-03-10 07:00:00
Cloudy,2017-03-10 10:00:00
Cloudy,2017-03-10 13:00:00
Cloudy,2017-03-10 16:00:00
Cloudy,2017-03-11 07:00:00
Rain,2017-03-11 10:00:00
Rain,2017-03-11 11:00:00
Rain,2017-03-11 12:00:00
Rain,2017-03-11 14:00:00
Rain,2017-03-11 15:00:00
Rain,2017-03-11 16:00:00
"Rain,Fog",2017-03-11 17:00:00
Cloudy,2017-03-12 07:00:00
Cloudy,2017-03-12 10:00:00
Rain,2017-03-12 11:00:00
Rain,2017-03-12 12:00:00
Rain,2017-03-12 13:00:00
Rain,2017-03-12 14:00:00
Rain,2017-03-12 15:00:00
Rain,2017-03-12 16:00:00
Cloudy,2017-03-13 07:00:00
Cloudy,2017-03-13 10:00:00
Cloudy,2017-03-13 13:00:00
"Rain,Fog",2017-03-14 07:00:00
"Rain,Fog",2017-03-14 08:00:00
Rain,2017-03-14 09:00:00
Mostly Cloudy,2017-03-14 10:00:00
Cloudy,2017-03-14 13:00:00
Cloudy,2017-03-14 16:00:00
Cloudy,2017-03-15 07:00:00
Cloudy,2017-03-15 10:00:00
Rain,2017-03-15 12:00:00
Cloudy,2017-03-15 13:00:00
Rain Showers,2017-03-15 16:00:00
Rain Showers,2017-03-15 17:00:00
Rain Showers,2017-03-15 18:00:00
Cloudy,2017-03-16 07:00:00
Rain Showers,2017-03-16 09:00:00
Rain,2017-03-16 10:00:00
Rain,2017-03-16 11:00:00
Rain Showers,2017-03-16 13:00:00
Cloudy,2017-03-16 16:00:00
Cloudy,2017-03-17 07:00:00
Cloudy,2017-03-17 13:00:00
Rain,2017-03-17 14:00:00
Rain,2017-03-17 15:00:00
Rain,2017-03-17 17:00:00
Rain,2017-03-17 18:00:00
Rain Showers,2017-03-18 06:00:00
Cloudy,2017-03-18 07:00:00
Rain Showers,2017-03-18 12:00:00
Mostly Cloudy,2017-03-18 13:00:00
Mainly Clear,2017-03-18 16:00:00
Mainly Clear,2017-03-19 13:00:00
Mainly Clear,2017-03-19 16:00:00
Mostly Cloudy,2017-03-20 07:00:00
Cloudy,2017-03-20 10:00:00
Mostly Cloudy,2017-03-20 13:00:00
Cloudy,2017-03-20 16:00:00
Rain,2017-03-21 06:00:00
"Rain,Fog",2017-03-21 07:00:00
Rain,2017-03-21 08:00:00
Cloudy,2017-03-21 10:00:00
Rain Showers,2017-03-21 13:00:00
Cloudy,2017-03-21 16:00:00
Rain Showers,2017-03-21 17:00:00
Rain Showers,2017-03-21 18:00:00
Cloudy,2017-03-22 07:00:00
Rain,2017-03-22 10:00:00
Rain,2017-03-22 11:00:00
Rain,2017-03-22 13:00:00
Rain Showers,2017-03-22 16:00:00
Cloudy,2017-03-23 07:00:00
Cloudy,2017-03-23 10:00:00
Cloudy,2017-03-23 13:00:00
Cloudy,2017-03-23 16:00:00
Rain,2017-03-23 17:00:00
Rain,2017-03-23 18:00:00
Cloudy,2017-03-24 07:00:00
Cloudy,2017-03-24 10:00:00
Rain Showers,2017-03-24 12:00:00
Rain Showers,2017-03-24 13:00:00
Rain Showers,2017-03-24 14:00:00
Rain Showers,2017-03-24 15:00:00
Rain,2017-03-24 16:00:00
Rain,2017-03-24 17:00:00
Rain,2017-03-24 18:00:00
Mostly Cloudy,2017-03-25 07:00:00
Cloudy,2017-03-25 10:00:00
Mostly Cloudy,2017-03-25 13:00:00
Cloudy,2017-03-25 16:00:00
Rain Showers,2017-03-26 06:00:00
Rain Showers,2017-03-26 07:00:00
Rain,2017-03-26 08:00:00
Rain,2017-03-26 09:00:00
Rain,2017-03-26 10:00:00
Rain,2017-03-26 12:00:00
Rain,2017-03-26 13:00:00
Cloudy,2017-03-26 16:00:00
Rain,2017-03-26 17:00:00
Rain,2017-03-26 18:00:00
"Rain,Fog",2017-03-27 07:00:00
Rain,2017-03-27 08:00:00
Rain,2017-03-27 09:00:00
Rain,2017-03-27 10:00:00
Cloudy,2017-03-27 13:00:00
Cloudy,2017-03-27 16:00:00
Rain,2017-03-27 18:00:00
Rain,2017-03-28 06:00:00
Rain,2017-03-28 07:00:00
"Rain,Fog",2017-03-28 08:00:00
Rain,2017-03-28 12:00:00
Rain,2017-03-28 13:00:00
Rain,2017-03-28 14:00:00
Rain,2017-03-28 15:00:00
Rain,2017-03-28 16:00:00
Rain,2017-03-28 17:00:00
"Rain,Fog",2017-03-28 18:00:00
Rain,2017-03-29 06:00:00
Rain,2017-03-29 07:00:00
Rain,2017-03-29 08:00:00
Rain,2017-03-29 09:00:00
"Rain,Fog",2017-03-29 10:00:00
"Rain,Fog",2017-03-29 11:00:00
Cloudy,2017-03-29 13:00:00
Mainly Clear,2017-03-29 16:00:00
Mostly Cloudy,2017-03-30 07:00:00
Mainly Clear,2017-03-30 10:00:00
Mainly Clear,2017-03-30 13:00:00
Mainly Clear,2017-03-30 16:00:00
Mainly Clear,2017-03-30 19:00:00
Cloudy,2017-03-31 07:00:00
Cloudy,2017-03-31 10:00:00
Cloudy,2017-03-31 13:00:00
Cloudy,2017-03-31 16:00:00
Cloudy,2017-03-31 19:00:00
Cloudy,2016-10-01 07:00:00
Rain Showers,2016-10-01 08:00:00
Rain Showers,2016-10-01 09:00:00
Mostly Cloudy,2016-10-01 10:00:00
Cloudy,2016-10-01 13:00:00
Rain Showers,2016-10-01 14:00:00
Rain Showers,2016-10-01 15:00:00
Mostly Cloudy,2016-10-01 16:00:00
Mostly Cloudy,2016-10-01 19:00:00
Rain Showers,2016-10-02 06:00:00
Mostly Cloudy,2016-10-02 07:00:00
Mostly Cloudy,2016-10-02 10:00:00
Mainly Clear,2016-10-02 13:00:00
Mainly Clear,2016-10-02 16:00:00
Mainly Clear,2016-10-02 19:00:00
Mostly Cloudy,2016-10-03 07:00:00
Mostly Cloudy,2016-10-03 10:00:00
Mostly Cloudy,2016-10-03 13:00:00
Cloudy,2016-10-03 16:00:00
Cloudy,2016-10-03 19:00:00
Cloudy,2016-10-04 07:00:00
Cloudy,2016-10-04 10:00:00
Cloudy,2016-10-04 13:00:00
Cloudy,2016-10-04 16:00:00
Rain,2016-10-04 19:00:00
Cloudy,2016-10-05 07:00:00
Mostly Cloudy,2016-10-05 10:00:00
Mainly Clear,2016-10-05 13:00:00
Mainly Clear,2016-10-05 16:00:00
Cloudy,2016-10-05 19:00:00
Cloudy,2016-10-06 07:00:00
Cloudy,2016-10-06 10:00:00
Cloudy,2016-10-06 13:00:00
Rain,2016-10-06 16:00:00
Rain,2016-10-06 17:00:00
Rain,2016-10-06 18:00:00
"Rain,Fog",2016-10-06 19:00:00
Mostly Cloudy,2016-10-07 07:00:00
Cloudy,2016-10-07 10:00:00
Mostly Cloudy,2016-10-07 13:00:00
Cloudy,2016-10-07 16:00:00
Cloudy,2016-10-07 19:00:00
Rain,2016-10-08 06:00:00
Rain,2016-10-08 07:00:00
Cloudy,2016-10-08 10:00:00
Cloudy,2016-10-08 19:00:00
Mostly Cloudy,2016-10-09 07:00:00
Mostly Cloudy,2016-10-09 10:00:00
Mostly Cloudy,2016-10-09 13:00:00
Mainly Clear,2016-10-09 16:00:00
Mainly Clear,2016-10-09 19:00:00
Mostly Cloudy,2016-10-10 07:00:00
Mostly Cloudy,2016-10-10 10:00:00
Mostly Cloudy,2016-10-10 13:00:00
Mainly Clear,2016-10-10 16:00:00
Mainly Clear,2016-10-10 19:00:00
Clear,2016-10-11 07:00:00
Clear,2016-10-11 10:00:00
Clear,2016-10-11 13:00:00
Clear,2016-10-11 16:00:00
Clear,2016-10-11 19:00:00
Mainly Clear,2016-10-12 07:00:00
Mainly Clear,2016-10-12 10:00:00
Mostly Cloudy,2016-10-12 13:00:00
Cloudy,2016-10-12 16:00:00
Cloudy,2016-10-12 19:00:00
Rain,2016-10-13 07:00:00
Rain,2016-10-13 08:00:00
Rain,2016-10-13 09:00:00
Cloudy,2016-10-13 10:00:00
Cloudy,2016-10-13 13:00:00
Cloudy,2016-10-13 16:00:00
Rain,2016-10-13 17:00:00
Rain,2016-10-13 18:00:00
Rain,2016-10-13 19:00:00
"Rain,Fog",2016-10-14 07:00:00
Rain,2016-10-14 09:00:00
Rain,2016-10-14 10:00:00
Rain,2016-10-14 11:00:00
Rain,2016-10-14 12:00:00
"Rain,Fog",2016-10-14 13:00:00
Rain Showers,2016-10-14 15:00:00
Mostly Cloudy,2016-10-14 16:00:00
Cloudy,2016-10-14 19:00:00
Cloudy,2016-10-15 07:00:00
Rain,2016-10-15 10:00:00
Rain,2016-10-15 11:00:00
"Rain,Fog",2016-10-15 12:00:00
Rain Showers,2016-10-15 16:00:00
Rain Showers,2016-10-15 17:00:00
Rain Showers,2016-10-15 18:00:00
Rain Showers,2016-10-15 19:00:00
Rain,2016-10-16 06:00:00
Cloudy,2016-10-16 07:00:00
Rain Showers,2016-10-16 08:00:00
Rain Showers,2016-10-16 10:00:00
Cloudy,2016-10-16 13:00:00
Rain Showers,2016-10-16 15:00:00
Mostly Cloudy,2016-10-16 16:00:00
Rain,2016-10-16 19:00:00
Rain,2016-10-17 06:00:00
Rain,2016-10-17 07:00:00
"Rain,Fog",2016-10-17 08:00:00
Cloudy,2016-10-17 10:00:00
Rain Showers,2016-10-17 12:00:00
Rain Showers,2016-10-17 13:00:00
Rain Showers,2016-10-17 14:00:00
Mainly Clear,2016-10-17 16:00:00
Mostly Cloudy,2016-10-17 19:00:00
Cloudy,2016-10-18 07:00:00
Rain,2016-10-18 10:00:00
Rain,2016-10-18 11:00:00
Rain,2016-10-18 12:00:00
Rain,2016-10-18 13:00:00
Cloudy,2016-10-18 16:00:00
Mostly Cloudy,2016-10-18 19:00:00
Cloudy,2016-10-19 07:00:00
Cloudy,2016-10-19 10:00:00
Cloudy,2016-10-19 13:00:00
Rain,2016-10-19 16:00:00
Rain,2016-10-19 17:00:00
Rain Showers,2016-10-19 18:00:00
Rain,2016-10-19 19:00:00
Cloudy,2016-10-20 07:00:00
Cloudy,2016-10-20 10:00:00
Cloudy,2016-10-20 13:00:00
Mainly Clear,2016-10-20 16:00:00
Clear,2016-10-20 19:00:00
Cloudy,2016-10-21 07:00:00
Cloudy,2016-10-21 10:00:00
Rain,2016-10-21 11:00:00
Rain,2016-10-21 12:00:00
Rain,2016-10-21 13:00:00
Rain,2016-10-21 14:00:00
Cloudy,2016-10-21 16:00:00
Rain,2016-10-21 18:00:00
Rain,2016-10-21 19:00:00
Cloudy,2016-10-22 07:00:00
Mostly Cloudy,2016-10-22 10:00:00
Cloudy,2016-10-22 13:00:00
Mostly Cloudy,2016-10-22 16:00:00
Cloudy,2016-10-22 19:00:00
Rain,2016-10-23 06:00:00
Rain,2016-10-23 07:00:00
Cloudy,2016-10-23 10:00:00
Mostly Cloudy,2016-10-23 13:00:00
Cloudy,2016-10-23 16:00:00
Cloudy,2016-10-23 19:00:00
Cloudy,2016-10-24 07:00:00
Cloudy,2016-10-24 10:00:00
Cloudy,2016-10-24 13:00:00
Rain,2016-10-24 14:00:00
Rain,2016-10-24 15:00:00
Rain,2016-10-24 16:00:00
Cloudy,2016-10-25 07:00:00
Cloudy,2016-10-25 10:00:00
Rain,2016-10-25 11:00:00
Rain,2016-10-25 12:00:00
Rain,2016-10-25 13:00:00
Mostly Cloudy,2016-10-25 16:00:00
Rain,2016-10-26 07:00:00
Rain,2016-10-26 08:00:00
Rain,2016-10-26 09:00:00
Rain,2016-10-26 10:00:00
Rain,2016-10-26 11:00:00
Rain,2016-10-26 12:00:00
Rain,2016-10-26 13:00:00
Rain,2016-10-26 14:00:00
Cloudy,2016-10-26 16:00:00
Rain,2016-10-27 06:00:00
Cloudy,2016-10-27 07:00:00
Rain,2016-10-27 08:00:00
Rain,2016-10-27 09:00:00
Cloudy,2016-10-27 10:00:00
Rain,2016-10-27 12:00:00
Rain,2016-10-27 13:00:00
Rain,2016-10-27 14:00:00
Rain,2016-10-27 15:00:00
Rain,2016-10-27 16:00:00
Rain,2016-10-27 17:00:00
Rain,2016-10-27 18:00:00
Mostly Cloudy,2016-10-28 07:00:00
Mostly Cloudy,2016-10-28 10:00:00
Mostly Cloudy,2016-10-28 13:00:00
Mostly Cloudy,2016-10-28 16:00:00
Cloudy,2016-10-29 07:00:00
Rain,2016-10-29 09:00:00
Rain,2016-10-29 10:00:00
"Rain,Fog",2016-10-29 11:00:00
Rain,2016-10-29 12:00:00
Rain,2016-10-29 13:00:00
Mostly Cloudy,2016-10-29 16:00:00
Mainly Clear,2016-10-30 07:00:00
Mostly Cloudy,2016-10-30 10:00:00
Mostly Cloudy,2016-10-30 13:00:00
Mostly Cloudy,2016-10-30 16:00:00
Rain,2016-10-30 17:00:00
Rain,2016-10-30 18:00:00
"Rain,Fog",2016-10-31 06:00:00
"Rain,Fog",2016-10-31 07:00:00
"Rain,Fog",2016-10-31 08:00:00
"Rain,Fog",2016-10-31 09:00:00
"Rain,Fog",2016-10-31 10:00:00
"Rain,Fog",2016-10-31 11:00:00
Rain,2016-10-31 12:00:00
Cloudy,2016-10-31 13:00:00
Rain,2017-06-01 07:00:00
Rain Showers,2017-06-01 08:00:00
Cloudy,2017-06-01 10:00:00
Cloudy,2017-06-01 13:00:00
Cloudy,2017-06-01 16:00:00
Mostly Cloudy,2017-06-01 19:00:00
Rain Showers,2017-06-02 07:00:00
Rain Showers,2017-06-02 08:00:00
Rain Showers,2017-06-02 09:00:00
Cloudy,2017-06-02 10:00:00
Mostly Cloudy,2017-06-02 13:00:00
Cloudy,2017-06-02 16:00:00
Mostly Cloudy,2017-06-02 19:00:00
Mostly Cloudy,2017-06-03 07:00:00
Mostly Cloudy,2017-06-03 10:00:00
Mostly Cloudy,2017-06-03 13:00:00
Mainly Clear,2017-06-03 16:00:00
Mainly Clear,2017-06-03 19:00:00
Mostly Cloudy,2017-06-04 07:00:00
Mostly Cloudy,2017-06-04 10:00:00
Mainly Clear,2017-06-04 13:00:00
Mainly Clear,2017-06-04 16:00:00
Mainly Clear,2017-06-04 19:00:00
Mainly Clear,2017-06-05 07:00:00
Mainly Clear,2017-06-05 10:00:00
Mainly Clear,2017-06-05 13:00:00
Mostly Cloudy,2017-06-05 16:00:00
Mostly Cloudy,2017-06-05 19:00:00
Mainly Clear,2017-06-06 07:00:00
Cloudy,2017-06-06 10:00:00
Mostly Cloudy,2017-06-06 13:00:00
Mainly Clear,2017-06-06 16:00:00
Mostly Cloudy,2017-06-06 19:00:00
Mainly Clear,2017-06-07 07:00:00
Mostly Cloudy,2017-06-07 10:00:00
Cloudy,2017-06-07 13:00:00
Cloudy,2017-06-07 16:00:00
Cloudy,2017-06-07 19:00:00
Rain,2017-06-08 06:00:00
"Rain,Fog",2017-06-08 07:00:00
Rain,2017-06-08 11:00:00
Rain,2017-06-08 12:00:00
Rain,2017-06-08 13:00:00
Rain,2017-06-08 14:00:00
Cloudy,2017-06-08 16:00:00
Mostly Cloudy,2017-06-08 19:00:00
Mainly Clear,2017-06-09 07:00:00
Mostly Cloudy,2017-06-09 10:00:00
Mainly Clear,2017-06-09 13:00:00
Mainly Clear,2017-06-09 16:00:00
Mainly Clear,2017-06-09 19:00:00
Mostly Cloudy,2017-06-10 07:00:00
Mostly Cloudy,2017-06-10 10:00:00
Mostly Cloudy,2017-06-10 13:00:00
Mostly Cloudy,2017-06-10 16:00:00
Mostly Cloudy,2017-06-10 19:00:00
Mainly Clear,2017-06-11 07:00:00
Mainly Clear,2017-06-11 10:00:00
Mainly Clear,2017-06-11 13:00:00
Mainly Clear,2017-06-11 16:00:00
Mainly Clear,2017-06-11 19:00:00
Cloudy,2017-06-12 07:00:00
Mostly Cloudy,2017-06-12 10:00:00
Mainly Clear,2017-06-12 13:00:00
Mostly Cloudy,2017-06-12 16:00:00
Mostly Cloudy,2017-06-12 19:00:00
Cloudy,2017-06-13 07:00:00
Cloudy,2017-06-13 10:00:00
Cloudy,2017-06-13 13:00:00
Cloudy,2017-06-13 16:00:00
Mostly Cloudy,2017-06-13 19:00:00
Cloudy,2017-06-14 07:00:00
Rain Showers,2017-06-14 08:00:00
Cloudy,2017-06-14 10:00:00
Cloudy,2017-06-14 13:00:00
Cloudy,2017-06-14 16:00:00
Cloudy,2017-06-14 19:00:00
Rain,2017-06-15 06:00:00
Rain,2017-06-15 07:00:00
Rain,2017-06-15 08:00:00
Rain,2017-06-15 09:00:00
Rain,2017-06-15 10:00:00
Rain,2017-06-15 11:00:00
Rain,2017-06-15 12:00:00
Rain,2017-06-15 13:00:00
"Rain,Fog",2017-06-15 16:00:00
Rain,2017-06-15 17:00:00
Cloudy,2017-06-15 19:00:00
Mostly Cloudy,2017-06-16 07:00:00
Mostly Cloudy,2017-06-16 10:00:00
Mostly Cloudy,2017-06-16 13:00:00
Mostly Cloudy,2017-06-16 16:00:00
Mainly Clear,2017-06-16 19:00:00
Mostly Cloudy,2017-06-17 07:00:00
Cloudy,2017-06-17 10:00:00
Cloudy,2017-06-17 13:00:00
Cloudy,2017-06-17 16:00:00
Rain,2017-06-17 18:00:00
Rain,2017-06-17 19:00:00
"Rain,Fog",2017-06-18 07:00:00
"Rain,Fog",2017-06-18 08:00:00
"Rain,Fog",2017-06-18 09:00:00
"Rain,Fog",2017-06-18 13:00:00
Cloudy,2017-06-18 16:00:00
Cloudy,2017-06-18 19:00:00
Cloudy,2017-06-19 07:00:00
Cloudy,2017-06-19 10:00:00
Rain,2017-06-19 12:00:00
Mostly Cloudy,2017-06-19 13:00:00
Cloudy,2017-06-19 16:00:00
Mostly Cloudy,2017-06-19 19:00:00
Cloudy,2017-06-20 07:00:00
Cloudy,2017-06-20 10:00:00
Mostly Cloudy,2017-06-20 13:00:00
Mainly Clear,2017-06-20 16:00:00
Mainly Clear,2017-06-20 19:00:00
